R,TOA
9.11E+03,1.29E+00
9.27E+03,1.36E+00
9.43E+03,1.43E+00
9.59E+03,1.50E+00
9.75E+03,1.58E+00
9.92E+03,1.66E+00
1.01E+04,1.75E+00
1.03E+04,1.84E+00
1.04E+04,1.94E+00
1.06E+04,2.04E+00
1.08E+04,2.14E+00
1.10E+04,2.25E+00
1.12E+04,2.37E+00
1.14E+04,2.49E+00
1.16E+04,2.62E+00
1.18E+04,2.76E+00
1.20E+04,2.90E+00
1.22E+04,3.05E+00
1.24E+04,3.21E+00
1.26E+04,3.37E+00
1.28E+04,3.55E+00
1.30E+04,3.73E+00
1.32E+04,3.92E+00
1.35E+04,4.13E+00
1.37E+04,4.34E+00
1.39E+04,4.56E+00
1.42E+04,4.80E+00
1.44E+04,5.05E+00
1.47E+04,5.31E+00
1.49E+04,5.58E+00
1.52E+04,5.87E+00
1.54E+04,6.17E+00
1.57E+04,6.49E+00
1.60E+04,6.82E+00
1.62E+04,7.17E+00
1.65E+04,7.54E+00
1.68E+04,7.93E+00
1.71E+04,8.34E+00
1.74E+04,8.76E+00
1.77E+04,9.22E+00
1.80E+04,9.69E+00
1.83E+04,1.02E+01
1.86E+04,1.07E+01
1.89E+04,1.13E+01
1.92E+04,1.18E+01
1.96E+04,1.24E+01
1.99E+04,1.31E+01
2.02E+04,1.38E+01
2.06E+04,1.45E+01
2.09E+04,1.52E+01
2.13E+04,1.60E+01
2.17E+04,1.68E+01
2.20E+04,1.76E+01
2.24E+04,1.85E+01
2.28E+04,1.95E+01
2.32E+04,2.05E+01
2.36E+04,2.15E+01
2.40E+04,2.26E+01
2.44E+04,2.38E+01
2.48E+04,2.50E+01
2.52E+04,2.62E+01
2.57E+04,2.76E+01
2.61E+04,2.90E+01
2.66E+04,3.04E+01
2.70E+04,3.20E+01
2.75E+04,3.36E+01
2.79E+04,3.53E+01
2.84E+04,3.71E+01
2.89E+04,3.89E+01
2.94E+04,4.09E+01
2.99E+04,4.29E+01
3.04E+04,4.51E+01
3.09E+04,4.73E+01
3.15E+04,4.97E+01
3.20E+04,5.21E+01
3.26E+04,5.47E+01
3.31E+04,5.74E+01
3.37E+04,6.03E+01
3.43E+04,6.33E+01
3.48E+04,6.64E+01
3.54E+04,6.97E+01
3.60E+04,7.31E+01
3.67E+04,7.67E+01
3.73E+04,8.04E+01
3.79E+04,8.44E+01
3.86E+04,8.85E+01
3.92E+04,9.28E+01
3.99E+04,9.73E+01
4.06E+04,1.02E+02
4.13E+04,1.07E+02
4.20E+04,1.12E+02
4.27E+04,1.17E+02
4.34E+04,1.23E+02
4.42E+04,1.29E+02
4.49E+04,1.35E+02
4.57E+04,1.41E+02
4.65E+04,1.48E+02
4.73E+04,1.55E+02
4.81E+04,1.62E+02
4.89E+04,1.70E+02
4.98E+04,1.78E+02
5.06E+04,1.86E+02
5.15E+04,1.95E+02
5.24E+04,2.04E+02
5.33E+04,2.13E+02
5.42E+04,2.23E+02
5.51E+04,2.33E+02
5.60E+04,2.43E+02
5.70E+04,2.54E+02
5.80E+04,2.65E+02
5.90E+04,2.77E+02
6.00E+04,2.89E+02
6.10E+04,3.02E+02
6.21E+04,3.15E+02
6.31E+04,3.29E+02
6.42E+04,3.43E+02
6.53E+04,3.58E+02
6.64E+04,3.73E+02
6.76E+04,3.89E+02
6.87E+04,4.05E+02
6.99E+04,4.22E+02
7.11E+04,4.39E+02
7.23E+04,4.57E+02
7.35E+04,4.76E+02
7.48E+04,4.95E+02
7.61E+04,5.15E+02
7.74E+04,5.35E+02
7.87E+04,5.56E+02
8.00E+04,5.78E+02
8.14E+04,6.00E+02
8.28E+04,6.23E+02
8.42E+04,6.46E+02
8.57E+04,6.70E+02
8.71E+04,6.95E+02
8.86E+04,7.20E+02
9.01E+04,7.46E+02
9.17E+04,7.72E+02
9.33E+04,7.99E+02
9.49E+04,8.26E+02
9.65E+04,8.55E+02
9.81E+04,8.83E+02
9.98E+04,9.12E+02
1.02E+05,9.42E+02
1.03E+05,9.72E+02
1.05E+05,1.00E+03
1.07E+05,1.03E+03
1.09E+05,1.07E+03
1.11E+05,1.10E+03
1.12E+05,1.13E+03
1.14E+05,1.16E+03
1.16E+05,1.19E+03
1.18E+05,1.23E+03
1.20E+05,1.26E+03
1.22E+05,1.29E+03
1.24E+05,1.33E+03
1.27E+05,1.36E+03
1.29E+05,1.39E+03
1.31E+05,1.43E+03
1.33E+05,1.46E+03
1.35E+05,1.49E+03
1.38E+05,1.53E+03
1.40E+05,1.56E+03
1.43E+05,1.59E+03
1.45E+05,1.62E+03
1.47E+05,1.65E+03
1.50E+05,1.68E+03
1.53E+05,1.72E+03
1.55E+05,1.75E+03
1.58E+05,1.77E+03
1.61E+05,1.80E+03
1.63E+05,1.83E+03
1.66E+05,1.86E+03
1.69E+05,1.88E+03
1.72E+05,1.91E+03
1.75E+05,1.93E+03
1.78E+05,1.96E+03
1.81E+05,1.98E+03
1.84E+05,2.00E+03
1.87E+05,2.02E+03
1.90E+05,2.04E+03
1.94E+05,2.06E+03
1.97E+05,2.07E+03
2.00E+05,2.09E+03
2.04E+05,2.10E+03
2.07E+05,2.11E+03
2.11E+05,2.12E+03
2.14E+05,2.13E+03
2.18E+05,2.14E+03
2.22E+05,2.14E+03
2.25E+05,2.15E+03
2.29E+05,2.15E+03
2.33E+05,2.15E+03
2.37E+05,2.15E+03
2.41E+05,2.15E+03
2.45E+05,2.15E+03
2.50E+05,2.14E+03
2.54E+05,2.14E+03
2.58E+05,2.13E+03
2.63E+05,2.12E+03
2.67E+05,2.11E+03
2.72E+05,2.10E+03
2.76E+05,2.08E+03
2.81E+05,2.07E+03
2.86E+05,2.06E+03
2.91E+05,2.04E+03
2.96E+05,2.02E+03
3.01E+05,2.00E+03
3.06E+05,1.98E+03
3.11E+05,1.96E+03
3.17E+05,1.94E+03
3.22E+05,1.91E+03
3.28E+05,1.89E+03
3.33E+05,1.86E+03
3.39E+05,1.84E+03
3.45E+05,1.81E+03
3.51E+05,1.78E+03
3.57E+05,1.75E+03
3.63E+05,1.71E+03
3.69E+05,1.68E+03
3.75E+05,1.65E+03
3.82E+05,1.62E+03
3.88E+05,1.58E+03
3.95E+05,1.55E+03
4.02E+05,1.51E+03
4.08E+05,1.48E+03
4.15E+05,1.44E+03
4.22E+05,1.41E+03
4.30E+05,1.38E+03
4.37E+05,1.34E+03
4.45E+05,1.31E+03
4.52E+05,1.28E+03
4.60E+05,1.24E+03
4.68E+05,1.21E+03
4.76E+05,1.18E+03
4.84E+05,1.15E+03
4.92E+05,1.12E+03
5.01E+05,1.09E+03
5.09E+05,1.06E+03
5.18E+05,1.03E+03
5.27E+05,9.98E+02
5.36E+05,9.70E+02
5.45E+05,9.41E+02
5.54E+05,9.14E+02
5.64E+05,8.87E+02
5.73E+05,8.60E+02
5.83E+05,8.34E+02
5.93E+05,8.08E+02
6.03E+05,7.83E+02
6.14E+05,7.58E+02
6.24E+05,7.34E+02
6.35E+05,7.10E+02
6.46E+05,6.87E+02
6.57E+05,6.65E+02
6.68E+05,6.43E+02
6.80E+05,6.21E+02
6.91E+05,6.00E+02
7.03E+05,5.79E+02
7.15E+05,5.59E+02
7.27E+05,5.40E+02
7.40E+05,5.21E+02
7.52E+05,5.02E+02
7.65E+05,4.84E+02
7.78E+05,4.67E+02
7.92E+05,4.50E+02
8.05E+05,4.34E+02
8.19E+05,4.18E+02
8.33E+05,4.02E+02
8.47E+05,3.87E+02
8.62E+05,3.73E+02
8.77E+05,3.59E+02
8.92E+05,3.45E+02
9.07E+05,3.32E+02
9.22E+05,3.19E+02
9.38E+05,3.07E+02
9.54E+05,2.95E+02
9.71E+05,2.84E+02
9.87E+05,2.73E+02
1.00E+06,2.62E+02
1.02E+06,2.52E+02
1.04E+06,2.42E+02
1.06E+06,2.33E+02
1.07E+06,2.24E+02
1.09E+06,2.15E+02
1.11E+06,2.06E+02
1.13E+06,1.98E+02
1.15E+06,1.90E+02
1.17E+06,1.83E+02
1.19E+06,1.75E+02
1.21E+06,1.68E+02
1.23E+06,1.61E+02
1.25E+06,1.55E+02
1.27E+06,1.48E+02
1.30E+06,1.42E+02
1.32E+06,1.36E+02
1.34E+06,1.31E+02
1.36E+06,1.25E+02
1.39E+06,1.20E+02
1.41E+06,1.15E+02
1.43E+06,1.10E+02
1.46E+06,1.06E+02
1.48E+06,1.01E+02
1.51E+06,9.70E+01
1.54E+06,9.29E+01
1.56E+06,8.89E+01
1.59E+06,8.51E+01
1.62E+06,8.15E+01
1.64E+06,7.80E+01
1.67E+06,7.46E+01
1.70E+06,7.14E+01
1.73E+06,6.83E+01
1.76E+06,6.54E+01
1.79E+06,6.25E+01
1.82E+06,5.98E+01
1.85E+06,5.72E+01
1.88E+06,5.47E+01
1.91E+06,5.23E+01
1.95E+06,5.00E+01
1.98E+06,4.78E+01
2.01E+06,4.57E+01
2.05E+06,4.37E+01
2.08E+06,4.17E+01
2.12E+06,3.99E+01
2.16E+06,3.81E+01
2.19E+06,3.64E+01
2.23E+06,3.48E+01
2.27E+06,3.32E+01
2.31E+06,3.17E+01
2.35E+06,3.03E+01
2.39E+06,2.89E+01
2.43E+06,2.76E+01
2.47E+06,2.64E+01
2.51E+06,2.52E+01
2.55E+06,2.40E+01
2.60E+06,2.29E+01
2.64E+06,2.19E+01
2.69E+06,2.09E+01
2.73E+06,1.99E+01
2.78E+06,1.90E+01
2.83E+06,1.81E+01
2.88E+06,1.73E+01
2.93E+06,1.65E+01
2.98E+06,1.57E+01
3.03E+06,1.50E+01
3.08E+06,1.43E+01
3.13E+06,1.37E+01
3.19E+06,1.30E+01
3.24E+06,1.24E+01
3.30E+06,1.18E+01
3.35E+06,1.13E+01
3.41E+06,1.08E+01
3.47E+06,1.03E+01
3.53E+06,9.77E+00
3.59E+06,9.31E+00
3.65E+06,8.87E+00
3.71E+06,8.46E+00
3.77E+06,8.06E+00
3.84E+06,7.68E+00
3.90E+06,7.31E+00
3.97E+06,6.97E+00
4.04E+06,6.63E+00
4.11E+06,6.32E+00
4.18E+06,6.02E+00
4.25E+06,5.73E+00
4.32E+06,5.46E+00
4.40E+06,5.20E+00
4.47E+06,4.95E+00
4.55E+06,4.71E+00
4.63E+06,4.49E+00
4.71E+06,4.27E+00
4.79E+06,4.06E+00
4.87E+06,3.87E+00
4.95E+06,3.68E+00
5.04E+06,3.50E+00
5.12E+06,3.34E+00
5.21E+06,3.17E+00
5.30E+06,3.02E+00
5.39E+06,2.87E+00
5.48E+06,2.73E+00
5.58E+06,2.60E+00
5.67E+06,2.47E+00
5.77E+06,2.35E+00
5.87E+06,2.24E+00
5.97E+06,2.13E+00
6.07E+06,2.03E+00
6.17E+06,1.93E+00
6.28E+06,1.83E+00
6.39E+06,1.74E+00
6.50E+06,1.66E+00
6.61E+06,1.58E+00
6.72E+06,1.50E+00
6.84E+06,1.42E+00
6.95E+06,1.35E+00
7.07E+06,1.29E+00
7.19E+06,1.22E+00
7.32E+06,1.16E+00
7.44E+06,1.11E+00
7.57E+06,1.05E+00
7.70E+06,9.99E-01
7.83E+06,9.50E-01
7.97E+06,9.03E-01
8.10E+06,8.58E-01
8.24E+06,8.15E-01
8.38E+06,7.75E-01
8.53E+06,7.36E-01
8.67E+06,6.99E-01
8.82E+06,6.64E-01
8.97E+06,6.31E-01
9.12E+06,6.00E-01
9.28E+06,5.70E-01
9.44E+06,5.41E-01
9.60E+06,5.14E-01
9.77E+06,4.88E-01
9.93E+06,4.64E-01
1.01E+07,4.41E-01
1.03E+07,4.19E-01
1.05E+07,3.98E-01
1.06E+07,3.78E-01
1.08E+07,3.59E-01
1.10E+07,3.41E-01
1.12E+07,3.23E-01
1.14E+07,3.07E-01
1.16E+07,2.92E-01
1.18E+07,2.77E-01
1.20E+07,2.63E-01
1.22E+07,2.50E-01
1.24E+07,2.37E-01
1.26E+07,2.25E-01
1.28E+07,2.14E-01
1.30E+07,2.03E-01
1.33E+07,1.93E-01
1.35E+07,1.83E-01
1.37E+07,1.74E-01
1.39E+07,1.65E-01
1.42E+07,1.57E-01
1.44E+07,1.49E-01
1.47E+07,1.41E-01
1.49E+07,1.34E-01
1.52E+07,1.27E-01
1.54E+07,1.21E-01
1.57E+07,1.15E-01
1.60E+07,1.09E-01
1.62E+07,1.03E-01
1.65E+07,9.81E-02
1.68E+07,9.31E-02
1.71E+07,8.84E-02
1.74E+07,8.40E-02
1.77E+07,7.97E-02
1.80E+07,7.57E-02
1.83E+07,7.19E-02
1.86E+07,6.83E-02
1.89E+07,6.48E-02
1.93E+07,6.16E-02
1.96E+07,5.85E-02
1.99E+07,5.55E-02
2.03E+07,5.28E-02
2.06E+07,5.01E-02
2.10E+07,4.76E-02
2.13E+07,4.52E-02
2.17E+07,4.30E-02
2.21E+07,4.08E-02
2.24E+07,3.88E-02
2.28E+07,3.69E-02
2.32E+07,3.50E-02
2.36E+07,3.33E-02
2.40E+07,3.17E-02
2.44E+07,3.01E-02
2.48E+07,2.86E-02
2.53E+07,2.72E-02
2.57E+07,2.59E-02
2.61E+07,2.46E-02
2.66E+07,2.34E-02
2.70E+07,2.23E-02
2.75E+07,2.12E-02
2.80E+07,2.01E-02
2.85E+07,1.92E-02
2.89E+07,1.82E-02
2.94E+07,1.73E-02
2.99E+07,1.65E-02
3.05E+07,1.57E-02
3.10E+07,1.49E-02
3.15E+07,1.42E-02
3.20E+07,1.35E-02
3.26E+07,1.29E-02
3.31E+07,1.23E-02
3.37E+07,1.17E-02
3.43E+07,1.11E-02
3.49E+07,1.06E-02
3.55E+07,1.01E-02
3.61E+07,9.58E-03
3.67E+07,9.12E-03
3.73E+07,8.69E-03
3.80E+07,8.27E-03
3.86E+07,7.87E-03
3.93E+07,7.50E-03
4.00E+07,7.14E-03
4.06E+07,6.80E-03
4.13E+07,6.47E-03
4.20E+07,6.16E-03
4.28E+07,5.87E-03
4.35E+07,5.59E-03
4.42E+07,5.32E-03
4.50E+07,5.07E-03
4.58E+07,4.83E-03
4.65E+07,4.60E-03
4.73E+07,4.38E-03
4.82E+07,4.17E-03
4.90E+07,3.97E-03
4.98E+07,3.78E-03
5.07E+07,3.60E-03
5.15E+07,3.43E-03
5.24E+07,3.27E-03
5.33E+07,3.11E-03
5.42E+07,2.96E-03
5.52E+07,2.82E-03
5.61E+07,2.69E-03
5.71E+07,2.56E-03
5.80E+07,2.44E-03
5.90E+07,2.32E-03
6.00E+07,2.21E-03
6.11E+07,2.11E-03
6.21E+07,2.01E-03
6.32E+07,1.91E-03
6.43E+07,1.82E-03
6.54E+07,1.73E-03
6.65E+07,1.65E-03
6.76E+07,1.57E-03
6.88E+07,1.50E-03
7.00E+07,1.43E-03
7.12E+07,1.36E-03
7.24E+07,1.29E-03
7.36E+07,1.23E-03
7.49E+07,1.17E-03
7.62E+07,1.12E-03
7.75E+07,1.06E-03
7.88E+07,1.01E-03
8.01E+07,9.64E-04
8.15E+07,9.18E-04
8.29E+07,8.74E-04
8.43E+07,8.32E-04
8.58E+07,7.93E-04
8.72E+07,7.55E-04
8.87E+07,7.19E-04
9.02E+07,6.84E-04
9.18E+07,6.52E-04
9.34E+07,6.21E-04
9.50E+07,5.91E-04
9.66E+07,5.63E-04
9.82E+07,5.36E-04
9.99E+07,5.10E-04
1.02E+08,4.86E-04
1.03E+08,4.63E-04
1.05E+08,4.41E-04
1.07E+08,4.19E-04
1.09E+08,3.99E-04
1.11E+08,3.80E-04
1.13E+08,3.62E-04
1.14E+08,3.45E-04
1.16E+08,3.28E-04
1.18E+08,3.13E-04
1.20E+08,2.98E-04
1.22E+08,2.83E-04
1.25E+08,2.70E-04
1.27E+08,2.57E-04
1.29E+08,2.45E-04
1.31E+08,2.33E-04
1.33E+08,2.22E-04
1.36E+08,2.11E-04
1.38E+08,2.01E-04
1.40E+08,1.91E-04
1.43E+08,1.82E-04
1.45E+08,1.73E-04
1.48E+08,1.65E-04
1.50E+08,1.57E-04
1.53E+08,1.50E-04
1.55E+08,1.43E-04
1.58E+08,1.36E-04
1.61E+08,1.29E-04
1.63E+08,1.23E-04
1.66E+08,1.17E-04
1.69E+08,1.11E-04
1.72E+08,1.06E-04
1.75E+08,1.01E-04
1.78E+08,9.62E-05
1.81E+08,9.16E-05
1.84E+08,8.72E-05
1.87E+08,8.30E-05
1.90E+08,7.90E-05
1.94E+08,7.52E-05
1.97E+08,7.16E-05
2.00E+08,6.82E-05
2.04E+08,6.49E-05
2.07E+08,6.18E-05
2.11E+08,5.88E-05
2.14E+08,5.60E-05
2.18E+08,5.33E-05
2.22E+08,5.07E-05
2.26E+08,4.83E-05
2.30E+08,4.60E-05
2.33E+08,4.38E-05
2.37E+08,4.17E-05
2.42E+08,3.97E-05
2.46E+08,3.77E-05
2.50E+08,3.59E-05
2.54E+08,3.42E-05
2.59E+08,3.26E-05
2.63E+08,3.10E-05
2.67E+08,2.95E-05
2.72E+08,2.81E-05
2.77E+08,2.67E-05
2.81E+08,2.54E-05
2.86E+08,2.42E-05
2.91E+08,2.31E-05
2.96E+08,2.19E-05
3.01E+08,2.09E-05
3.06E+08,1.99E-05
3.12E+08,1.89E-05
3.17E+08,1.80E-05
3.22E+08,1.71E-05
3.28E+08,1.63E-05
3.33E+08,1.55E-05
3.39E+08,1.48E-05
3.45E+08,1.41E-05
3.51E+08,1.34E-05
3.57E+08,1.28E-05
3.63E+08,1.21E-05
3.69E+08,1.16E-05
3.76E+08,1.10E-05
3.82E+08,1.05E-05
3.89E+08,9.96E-06
3.95E+08,9.48E-06
4.02E+08,9.03E-06
4.09E+08,8.59E-06
4.16E+08,8.18E-06
4.23E+08,7.78E-06
4.30E+08,7.41E-06
4.38E+08,7.05E-06
4.45E+08,6.71E-06
4.53E+08,6.39E-06
4.60E+08,6.08E-06
4.68E+08,5.79E-06
4.76E+08,5.51E-06
4.84E+08,5.24E-06
4.93E+08,4.99E-06
5.01E+08,4.75E-06
5.10E+08,4.52E-06
5.19E+08,4.30E-06
5.27E+08,4.09E-06
5.36E+08,3.90E-06
5.46E+08,3.71E-06
5.55E+08,3.53E-06
5.64E+08,3.36E-06
5.74E+08,3.20E-06
5.84E+08,3.04E-06
5.94E+08,2.90E-06
6.04E+08,2.76E-06
6.14E+08,2.62E-06
6.25E+08,2.50E-06
6.36E+08,2.38E-06
6.47E+08,2.26E-06
6.58E+08,2.15E-06
6.69E+08,2.05E-06
6.80E+08,1.95E-06
6.92E+08,1.85E-06
7.04E+08,1.77E-06
7.16E+08,1.68E-06
7.28E+08,1.60E-06
7.41E+08,1.52E-06
7.53E+08,1.45E-06
7.66E+08,1.38E-06
7.79E+08,1.31E-06
7.93E+08,1.25E-06
8.06E+08,1.19E-06
8.20E+08,1.13E-06
8.34E+08,1.08E-06
8.48E+08,1.02E-06
8.63E+08,9.74E-07
8.78E+08,9.27E-07
8.93E+08,8.82E-07
9.08E+08,8.40E-07
9.23E+08,7.99E-07
9.39E+08,7.61E-07
9.55E+08,7.24E-07
9.72E+08,6.89E-07
9.88E+08,6.56E-07
1.01E+09,6.24E-07
1.02E+09,5.94E-07
1.04E+09,5.65E-07
1.06E+09,5.38E-07
1.08E+09,5.12E-07
1.09E+09,4.87E-07
1.11E+09,4.63E-07
1.13E+09,4.41E-07
1.15E+09,4.20E-07
1.17E+09,3.99E-07
1.19E+09,3.80E-07
1.21E+09,3.62E-07
1.23E+09,3.44E-07
1.25E+09,3.27E-07
1.27E+09,3.12E-07
1.30E+09,2.97E-07
1.32E+09,2.82E-07
1.34E+09,2.69E-07
1.36E+09,2.56E-07
1.39E+09,2.43E-07
1.41E+09,2.31E-07
1.44E+09,2.20E-07
1.46E+09,2.10E-07
1.49E+09,1.99E-07
1.51E+09,1.90E-07
1.54E+09,1.81E-07
1.56E+09,1.72E-07
1.59E+09,1.64E-07
1.62E+09,1.56E-07
1.64E+09,1.48E-07
1.67E+09,1.41E-07
1.70E+09,1.34E-07
1.73E+09,1.28E-07
1.76E+09,1.21E-07
1.79E+09,1.16E-07
1.82E+09,1.10E-07
1.85E+09,1.05E-07
1.88E+09,9.96E-08
1.92E+09,9.48E-08
1.95E+09,9.02E-08
1.98E+09,8.58E-08
2.02E+09,8.17E-08
2.05E+09,7.77E-08
2.09E+09,7.39E-08
2.12E+09,7.04E-08
2.16E+09,6.70E-08
2.19E+09,6.37E-08
2.23E+09,6.06E-08
2.27E+09,5.77E-08
2.31E+09,5.49E-08
2.35E+09,5.22E-08
2.39E+09,4.97E-08
2.43E+09,4.73E-08
2.47E+09,4.50E-08
2.51E+09,4.28E-08
2.56E+09,4.08E-08
2.60E+09,3.88E-08
2.65E+09,3.69E-08
2.69E+09,3.51E-08
2.74E+09,3.34E-08
2.78E+09,3.18E-08
2.83E+09,3.03E-08
2.88E+09,2.88E-08
2.93E+09,2.74E-08
2.98E+09,2.61E-08
3.03E+09,2.48E-08
3.08E+09,2.36E-08
3.13E+09,2.25E-08
3.19E+09,2.14E-08
3.24E+09,2.03E-08
3.30E+09,1.94E-08
3.36E+09,1.84E-08
3.41E+09,1.75E-08
3.47E+09,1.67E-08
3.53E+09,1.59E-08
3.59E+09,1.51E-08
3.65E+09,1.44E-08
3.71E+09,1.37E-08
3.78E+09,1.30E-08
3.84E+09,1.24E-08
3.91E+09,1.18E-08
3.98E+09,1.12E-08
4.04E+09,1.07E-08
4.11E+09,1.02E-08
4.18E+09,9.66E-09
4.26E+09,9.19E-09
4.33E+09,8.75E-09
4.40E+09,8.32E-09
4.48E+09,7.92E-09
4.55E+09,7.54E-09
4.63E+09,7.17E-09
4.71E+09,6.82E-09
4.79E+09,6.49E-09
4.87E+09,6.18E-09
4.96E+09,5.88E-09
5.04E+09,5.60E-09
5.13E+09,5.32E-09
5.22E+09,5.07E-09
5.31E+09,4.82E-09
5.40E+09,4.59E-09
5.49E+09,4.37E-09
5.58E+09,4.15E-09
5.68E+09,3.95E-09
5.78E+09,3.76E-09
5.87E+09,3.58E-09
5.98E+09,3.41E-09
6.08E+09,3.24E-09
6.18E+09,3.08E-09
6.29E+09,2.93E-09
6.40E+09,2.79E-09
6.50E+09,2.66E-09
6.62E+09,2.53E-09
6.73E+09,2.41E-09
6.84E+09,2.29E-09
6.96E+09,2.18E-09
7.08E+09,2.07E-09
7.20E+09,1.97E-09
7.33E+09,1.88E-09
7.45E+09,1.79E-09
7.58E+09,1.70E-09
7.71E+09,1.62E-09
7.84E+09,1.54E-09
7.97E+09,1.46E-09
8.11E+09,1.39E-09
8.25E+09,1.33E-09
8.39E+09,1.26E-09
8.53E+09,1.20E-09
8.68E+09,1.14E-09
8.83E+09,1.09E-09
8.98E+09,1.03E-09
9.13E+09,9.85E-10
9.29E+09,9.37E-10
9.45E+09,8.92E-10
9.61E+09,8.48E-10
9.78E+09,8.07E-10
9.94E+09,7.68E-10
1.01E+10,7.31E-10
1.03E+10,6.96E-10
1.05E+10,6.62E-10
1.06E+10,6.30E-10
1.08E+10,5.99E-10
1.10E+10,5.70E-10
1.12E+10,5.43E-10
1.14E+10,5.16E-10
1.16E+10,4.91E-10
1.18E+10,4.68E-10
1.20E+10,4.45E-10
1.22E+10,4.24E-10
1.24E+10,4.03E-10
1.26E+10,3.84E-10
1.28E+10,3.65E-10
1.30E+10,3.47E-10
1.33E+10,3.30E-10
1.35E+10,3.14E-10
1.37E+10,2.99E-10
1.40E+10,2.85E-10
1.42E+10,2.71E-10
1.44E+10,2.58E-10
1.47E+10,2.45E-10
1.49E+10,2.34E-10
1.52E+10,2.22E-10
1.55E+10,2.11E-10
1.57E+10,2.01E-10
1.60E+10,1.92E-10
1.63E+10,1.82E-10
1.65E+10,1.73E-10
1.68E+10,1.65E-10
1.71E+10,1.57E-10
1.74E+10,1.49E-10
1.77E+10,1.42E-10
1.80E+10,1.35E-10
1.83E+10,1.29E-10
1.86E+10,1.23E-10
1.90E+10,1.17E-10
1.93E+10,1.11E-10
1.96E+10,1.06E-10
1.99E+10,1.01E-10
2.03E+10,9.57E-11
2.06E+10,9.10E-11
2.10E+10,8.66E-11
2.13E+10,8.24E-11
2.17E+10,7.85E-11
2.21E+10,7.47E-11
2.25E+10,7.11E-11
2.28E+10,6.76E-11
2.32E+10,6.44E-11
2.36E+10,6.12E-11
2.40E+10,5.83E-11
2.44E+10,5.55E-11
2.49E+10,5.28E-11
2.53E+10,5.02E-11
2.57E+10,4.78E-11
2.62E+10,4.55E-11
2.66E+10,4.33E-11
2.71E+10,4.12E-11
2.75E+10,3.92E-11
2.80E+10,3.73E-11
2.85E+10,3.55E-11
2.90E+10,3.38E-11
2.95E+10,3.22E-11
3.00E+10,3.06E-11
3.05E+10,2.91E-11
3.10E+10,2.77E-11
3.15E+10,2.64E-11
3.21E+10,2.51E-11
3.26E+10,2.39E-11
3.32E+10,2.27E-11
3.38E+10,2.16E-11
3.43E+10,2.06E-11
3.49E+10,1.96E-11
3.55E+10,1.87E-11
3.61E+10,1.78E-11
3.67E+10,1.69E-11
3.74E+10,1.61E-11
3.80E+10,1.53E-11
3.87E+10,1.46E-11
3.93E+10,1.39E-11
4.00E+10,1.32E-11
4.07E+10,1.26E-11
4.14E+10,1.20E-11
4.21E+10,1.14E-11
4.28E+10,1.08E-11
4.35E+10,1.03E-11
4.43E+10,9.81E-12
4.50E+10,9.33E-12
4.58E+10,8.88E-12
4.66E+10,8.45E-12
4.74E+10,8.05E-12
4.82E+10,7.66E-12
4.90E+10,7.29E-12
4.99E+10,6.94E-12
5.07E+10,6.60E-12
5.16E+10,6.28E-12
5.25E+10,5.98E-12
5.34E+10,5.69E-12
5.43E+10,5.42E-12
5.52E+10,5.16E-12
5.62E+10,4.91E-12
5.71E+10,4.67E-12
5.81E+10,4.45E-12
5.91E+10,4.23E-12
6.01E+10,4.03E-12
6.11E+10,3.83E-12
6.22E+10,3.65E-12
6.33E+10,3.47E-12
6.43E+10,3.31E-12
6.54E+10,3.15E-12
6.66E+10,3.00E-12
6.77E+10,2.85E-12
6.89E+10,2.71E-12
7.00E+10,2.58E-12
7.12E+10,2.46E-12
7.25E+10,2.34E-12
7.37E+10,2.23E-12
7.50E+10,2.12E-12
7.62E+10,2.02E-12
7.75E+10,1.92E-12
7.89E+10,1.83E-12
8.02E+10,1.74E-12
8.16E+10,1.66E-12
8.30E+10,1.58E-12
8.44E+10,1.50E-12
8.59E+10,1.43E-12
8.73E+10,1.36E-12
8.88E+10,1.29E-12
9.03E+10,1.23E-12
9.19E+10,1.17E-12
9.35E+10,1.12E-12
9.51E+10,1.06E-12
9.67E+10,1.01E-12
9.83E+10,9.63E-13
1.00E+11,9.17E-13
1.02E+11,8.72E-13
1.03E+11,8.31E-13
1.05E+11,7.91E-13
1.07E+11,7.53E-13
1.09E+11,7.16E-13
1.11E+11,6.82E-13
1.13E+11,6.49E-13
1.15E+11,6.18E-13
1.17E+11,5.88E-13
1.19E+11,5.60E-13
1.21E+11,5.33E-13
1.23E+11,5.07E-13
1.25E+11,4.83E-13
1.27E+11,4.60E-13
1.29E+11,4.38E-13
1.31E+11,4.17E-13
1.33E+11,3.97E-13
1.36E+11,3.78E-13
1.38E+11,3.60E-13
1.40E+11,3.42E-13
1.43E+11,3.26E-13
1.45E+11,3.10E-13
1.48E+11,2.95E-13
1.50E+11,2.81E-13
1.53E+11,2.68E-13
1.56E+11,2.55E-13
1.58E+11,2.43E-13
1.61E+11,2.31E-13
1.64E+11,2.20E-13
1.66E+11,2.09E-13
1.69E+11,1.99E-13
1.72E+11,1.90E-13
1.75E+11,1.81E-13
1.78E+11,1.72E-13
1.81E+11,1.64E-13
1.84E+11,1.56E-13
1.87E+11,1.48E-13
1.91E+11,1.41E-13
1.94E+11,1.34E-13
1.97E+11,1.28E-13
2.01E+11,1.22E-13
2.04E+11,1.16E-13
2.08E+11,1.10E-13
2.11E+11,1.05E-13